ID,Level,Topic,Prompts,GrammarFocus,LastUsedDate
T1,1,My name and family,"Tell me about yourself. What's your name? | Do you have brothers or sisters?",,
T2,1,My daily routine,"What time do you usually wake up? | What do you do in the morning?",,
T3,1,Food and colors,"What's your favorite food? | What's your favorite color?",,
T4,2,Shopping,"Do you like shopping? | What did you buy recently?",past_tense,
T5,2,My weekend,"What did you do last weekend? | Do you have any plans for this weekend?",past_tense,
T6,2,Weather and hobbies,"What's the weather like today? | What do you like to do in your free time?",,
T7,3,Travel,"Have you ever traveled to another city or country? | Where would you like to go on your next trip?",present_perfect,
T8,3,Restaurants and food,"What's your favorite restaurant? | Do you prefer cooking at home or eating out?",,
T9,3,Transportation,"How do you usually get to work? | Have you ever missed a bus or a flight?",prepositions,
T10,4,Meeting new people,"How do you usually introduce yourself to someone new? | What's a good way to start a conversation with a stranger?",,
T11,4,Giving directions,"Can you describe how to get from your home to your favorite coffee shop? | Have you ever gotten lost somewhere?",prepositions,
T12,4,A memorable experience,"Tell me about a trip or event you'll never forget. | What made that experience special?",past_tense,
T13,5,Work and daily problems,"What's the most challenging part of your job? | How do you usually deal with a stressful day at work?",,
T14,5,Technology in daily life,"What app or tool do you use every day? | Do you think technology makes life easier or more complicated?",,
T15,5,Health and habits,"What do you do to stay healthy? | Do you have any habits you'd like to change?",,
T16,6,A conversation at work,"Tell me about the most interesting thing you worked on recently. | How do you usually communicate with your team?",past_tense,
T17,6,A work deadline,"Tell me about a time you had a tight deadline. | How did you handle the pressure?",past_tense,
T18,6,Working with others,"What's it like working with your team? | Have you ever disagreed with a coworker? What happened?",present_perfect,
T19,7,Solving a problem,"Tell me about a problem you solved recently. | What steps did you take to fix it?",past_tense,
T20,7,Giving suggestions,"If a friend asked for career advice, what would you tell them? | How do you usually give feedback to someone?",conditionals,
T21,7,Making a decision,"Tell me about a difficult decision you had to make. | What factors did you consider?",past_tense,
T22,8,Remote work,"Do you think remote work makes people more productive? Why? | What are the pros and cons of working from home?",,
T23,8,Technology and AI,"Do you think AI will change the way we work? | Are you excited or worried about new technology?",future_tense,
T24,8,Career and society,"What do you think makes a job satisfying? | How has your view of career success changed over time?",present_perfect,
T25,9,A memorable experience,"Tell me about an experience that changed how you see things. | What did you learn from it?",past_tense,
T26,9,Storytelling,"Tell me a story about something unexpected that happened to you. | How did it end?",past_tense,
T27,9,A hypothetical situation,"What would you do if you won a large amount of money? | How would your life change?",conditionals,
T28,10,An abstract topic,"What does success mean to you? | Has your definition of success changed over the years?",present_perfect,
T29,10,A nuanced opinion,"Is it better to be a specialist or a generalist? Why? | Can you see both sides of that argument?",,
T30,10,Humor and idioms,"What's the funniest thing that's happened to you recently? | Do you know any English idioms you find interesting?",past_tense,
T31,6,Daily standup,"What did you work on yesterday? | What are you planning to do today?",past_tense,
T32,6,Reporting a bug,"Imagine I'm a developer and you found a critical bug. Tell me what happened. | What steps would someone need to follow to reproduce it?",past_tense,
T33,6,Explaining reproduction steps,"Can you walk me through how to reproduce a bug you found recently? | What tools do you use to track issues?",past_tense,
T34,6,Discussing requirements,"Tell me about a time the requirements were unclear. | How do you usually clarify requirements with the team?",past_tense,
T35,6,Talking to a developer,"Imagine you need to explain a bug to a developer who doesn't believe it's real. What would you say? | How do you usually convince someone to prioritize a fix?",conditionals,
T36,6,Regression testing,"What is regression testing, in your own words? | Tell me about a time a regression slipped through.",past_tense,
T37,6,Test strategy,"How do you decide what to test first? | What makes a good test strategy?",,
T38,6,Release discussion,"Tell me about your last release. How did it go? | What would you do differently next time?",past_tense,
T39,6,A production issue,"Imagine a customer just reported a critical issue in production. Walk me through what you'd do. | Have you ever dealt with a production issue before?",present_perfect,
T40,6,A customer issue,"Tell me about a time you had to explain a technical problem to a non-technical person. | How do you usually handle an unhappy customer?",past_tense,
