ID,CreatedDate,Word,Meaning,Examples,Original,Better,Category,Interval,EaseFactor,NextReviewDate,Reps,LastTaughtDate
V1,,morning,"The early part of the day, before noon.","I always drink coffee in the morning. | Good morning! Did you sleep well?",,,,,,,,
V2,,family,"The group of people related to you, like parents and siblings.","My family lives in Hanoi. | We have dinner together as a family every Sunday.",,,,,,,,
V3,,favorite,Liked more than all the others.,"Pizza is my favorite food. | What's your favorite color?",,,,,,,,
V4,,weekend,"Saturday and Sunday, the days you usually don't work.","I relax at home on the weekend. | Do you have any plans for the weekend?",,,,,,,,
V5,,weather,The condition of the sky and temperature outside.,"The weather is nice today. | I check the weather before I go out.",,,,,,,,
V6,,hobby,An activity you do for fun in your free time.,"Reading is my favorite hobby. | What hobbies do you have?",,,,,,,,
V7,,reservation,"An arrangement to have a table, room, or seat kept for you.","I made a reservation at the restaurant for 7pm. | Do we need a reservation for this hotel?",,,,,,,,
V8,,transportation,The way you travel from one place to another.,"Public transportation here is very convenient. | What kind of transportation do you use to get to work?",,,,,,,,
V9,,destination,The place where someone is going.,"Paris is a popular travel destination. | What's your next travel destination?",,,,,,,,
V10,,stranger,A person you don't know.,"I don't usually talk to strangers. | A stranger helped me find my way yesterday.",,,,,,,,
V11,,experience,"Something that happens to you, or the knowledge you gain from it.","That was an unforgettable experience. | Do you have any experience working in a team?",,,,,,,,
V12,,direction,Guidance on how to get somewhere.,"Can you give me directions to the station? | I always get confused about directions.",,,,,,,,
V13,,challenge,Something difficult that tests your ability.,"Learning a new language is a big challenge. | What's the biggest challenge in your job?",,,,,,,,
V14,,habit,"Something you do regularly, often without thinking.","Drinking water in the morning is a good habit. | I'm trying to break a bad habit.",,,,,,,,
V15,,technology,"Tools and machines developed from science, used to solve problems.","New technology makes work easier. | How has technology changed your daily life?",,,,,,,,
V16,,deadline,The time by which something must be finished.,"We have a tight deadline this week. | I always try to finish my work before the deadline.",,,,,,,,
V17,,colleague,A person you work with.,"My colleague helped me fix the bug. | I get along well with my colleagues.",,,,,,,,
V18,,bug,A problem or error in a computer program.,"I found a bug in the new feature. | Can you help me reproduce this bug?",,,,,,,,
V19,,regression,A testing process that checks whether old features still work after a change.,"We ran a regression test before the release. | The regression suite caught a bug in the login page.",,,,,,,,
V20,,requirement,"Something that must be done or included, especially for software.","The requirements weren't clear at the start of the project. | Let's clarify the requirements with the product team.",,,,,,,,
V21,,reproduce,To make something (like a bug) happen again so it can be studied.,"I couldn't reproduce the crash on my machine. | Can you describe the steps to reproduce this issue?",,,,,,,,
V22,,solution,An answer to a problem.,"We found a simple solution to the issue. | What's your suggested solution?",,,,,,,,
V23,,suggestion,An idea or plan offered for consideration.,"Thanks for the suggestion, I'll try it. | Do you have any suggestions for improving this process?",,,,,,,,
V24,,prioritize,To treat something as more important than other things.,"We need to prioritize the most critical bugs first. | How do you prioritize your tasks during a busy week?",,,,,,,,
V25,,productive,Able to produce a lot of good results efficiently.,"Working from home makes me more productive. | What time of day are you most productive?",,,,,,,,
V26,,remote,"Located far away, or done from a distance (like remote work).","She works remotely from another city. | Remote work has become much more common recently.",,,,,,,,
V27,,career,The series of jobs a person has throughout their working life.,"She's building a career in software testing. | What made you choose this career path?",,,,,,,,
V28,,unexpected,Not expected; surprising.,"The ending of the movie was completely unexpected. | We had an unexpected visitor last night.",,,,,,,,
V29,,hypothetical,"Based on a situation that is imagined, not real.","Let's consider a hypothetical situation. | That's just a hypothetical question, not a real plan.",,,,,,,,
V30,,memorable,Worth remembering; easy to remember.,"Our trip to Japan was really memorable. | What was the most memorable day of your life?",,,,,,,,
V31,,nuance,"A small but important difference in meaning, feeling, or tone.","There's a subtle nuance between these two words. | Native speakers pick up on nuances that learners often miss.",,,,,,,,
V32,,idiom,A phrase whose meaning isn't obvious from the individual words.,"""Break the ice"" is a common English idiom. | Do you know any idioms in Vietnamese that don't translate well?",,,,,,,,
V33,,abstract,"Existing as an idea, not as a physical thing.","Freedom is an abstract concept. | It's hard to discuss such an abstract topic in a second language.",,,,,,,,
